{
  "version": 1,
  "author": "Anonymous maker",
  "editor": "wokwi",
  "parts": [
    { "type": "wokwi-breadboard-mini", "id": "bb1", "top": -39.8, "left": 112.8, "attrs": {} },
    { "type": "wokwi-arduino-uno", "id": "uno", "top": 106.34, "left": 65.45, "attrs": {} },
    { "type": "wokwi-dht22", "id": "dht2", "top": -143.7, "left": 157.8, "attrs": {} },
    {
      "type": "wokwi-resistor",
      "id": "r1",
      "top": -61.51,
      "left": 79.96,
      "rotate": 180,
      "attrs": { "value": "1000" }
    },
    { "type": "wokwi-led", "id": "led2", "top": -70.8, "left": 215, "attrs": { "color": "red" } }
  ],
  "connections": [
    [ "r1:1", "bb1:6t.b", "green", [ "v36.83", "h32.65" ] ],
    [ "r1:2", "bb1:7t.c", "green", [ "v50.58", "h102.81" ] ],
    [ "uno:7", "bb1:7t.d", "green", [ "v0" ] ],
    [ "bb1:9t.e", "uno:GND.3", "green", [ "v23.5", "h43.71", "v263.1" ] ],
    [ "uno:5V", "bb1:6t.e", "red", [ "v-225.57", "h-54.58", "v-67.66" ] ],
    [ "dht2:VCC", "bb1:6t.a", "", [ "$bb" ] ],
    [ "dht2:SDA", "bb1:7t.a", "", [ "$bb" ] ],
    [ "dht2:NC", "bb1:8t.a", "", [ "$bb" ] ],
    [ "dht2:GND", "bb1:9t.a", "", [ "$bb" ] ],
    [ "led2:A", "bb1:13t.a", "", [ "$bb" ] ],
    [ "led2:C", "bb1:12t.a", "", [ "$bb" ] ],
    [ "led2:A", "uno:13", "green", [ "v0" ] ],
    [ "led2:C", "uno:GND.1", "green", [ "v0" ] ]
  ],
  "dependencies": {}
}